direction,src_id,src_label,dst_id,dst_label,weight,relations
out,7401,entity[7401] (ZCzey5aPhd7jYIoHsUfjmQ),174623,user[38124] (IYeKKqqCA9m_Twgu6WOspg),0.23890603,item->user
out,7401,entity[7401] (ZCzey5aPhd7jYIoHsUfjmQ),159323,user[22824] (uRMslpetVek6hMAgSrTYCA),0.09140486,item->user
out,7401,entity[7401] (ZCzey5aPhd7jYIoHsUfjmQ),181146,user[44647] (WjPLEr26Y0nW_ZtCEymnDw),0.08424634,item->user
out,7401,entity[7401] (ZCzey5aPhd7jYIoHsUfjmQ),176411,user[39912] (W0VE9M7Dikrpol8j1_QqyQ),0.04791454,item->user
out,7401,entity[7401] (ZCzey5aPhd7jYIoHsUfjmQ),181702,user[45203] (LPVSaUBvnSavuv_dgzrRSA),0.04655388,item->user
out,7401,entity[7401] (ZCzey5aPhd7jYIoHsUfjmQ),164203,user[27704] (4ZkQwaOoLT2eJWux9fE1Jw),0.03595077,item->user
out,7401,entity[7401] (ZCzey5aPhd7jYIoHsUfjmQ),156916,user[20417] (FNN2v38cAZucLMxMmN83JQ),0.03422979,item->user
out,7401,entity[7401] (ZCzey5aPhd7jYIoHsUfjmQ),161889,user[25390] (OJAXdqwiA8aWXTJw_2hu1w),0.03314717,item->user
out,7401,entity[7401] (ZCzey5aPhd7jYIoHsUfjmQ),173928,user[37429] (8He5Y1pyl1ymoDMGmbKNjw),0.01916084,item->user
out,7401,entity[7401] (ZCzey5aPhd7jYIoHsUfjmQ),159893,user[23394] (9PZKQuLC5lUs0rJBbWOvjg),0.01426273,item->user
out,7401,entity[7401] (ZCzey5aPhd7jYIoHsUfjmQ),137793,user[1294] (WMMI5Q4Rmm1Rqdu0jOvyhQ),0.01403947,item->user
out,7401,entity[7401] (ZCzey5aPhd7jYIoHsUfjmQ),137722,user[1223] (pKn_H1nkgrwJS6TuHODsvQ),0.01362245,item->user
out,7401,entity[7401] (ZCzey5aPhd7jYIoHsUfjmQ),175199,user[38700] (6CW6DrRM9WCdiFQJIvC4zA),0.01041237,item->user
out,7401,entity[7401] (ZCzey5aPhd7jYIoHsUfjmQ),169884,user[33385] (nDE9rO4ySQ8PbPR36k3I0g),0.01000201,item->user
out,7401,entity[7401] (ZCzey5aPhd7jYIoHsUfjmQ),167882,user[31383] (Ysqfg2Ah_i3mBCxWHCFBhA),0.00976016,item->user
out,7401,entity[7401] (ZCzey5aPhd7jYIoHsUfjmQ),176630,user[40131] (9VNoBMBTI2AkQeHBCMvghQ),0.00925427,item->user
out,7401,entity[7401] (ZCzey5aPhd7jYIoHsUfjmQ),175132,user[38633] (6GT6kAIyCT9MA7y1ZN_PUw),0.00912404,item->user
out,7401,entity[7401] (ZCzey5aPhd7jYIoHsUfjmQ),150603,user[14104] (ib_ZTEwlCyz7xUCNXfmv_g),0.00851170,item->user
out,7401,entity[7401] (ZCzey5aPhd7jYIoHsUfjmQ),148857,user[12358] (ySOWHay3yeaadfuXOuagMg),0.00777860,item->user
out,7401,entity[7401] (ZCzey5aPhd7jYIoHsUfjmQ),171594,user[35095] (XOk0Wx1X2qzK5GQq05Aaww),0.00732719,item->user
out,7401,entity[7401] (ZCzey5aPhd7jYIoHsUfjmQ),162391,user[25892] (7bhQQHkTdtOucIpdfLAnSg),0.00716099,item->user
out,7401,entity[7401] (ZCzey5aPhd7jYIoHsUfjmQ),179241,user[42742] (uLk3HSYVPKbvjAjdgf62Cg),0.00680558,item->user
out,7401,entity[7401] (ZCzey5aPhd7jYIoHsUfjmQ),180642,user[44143] (obam2FNZJ7d3HhA2AGRGyA),0.00636869,item->user
out,7401,entity[7401] (ZCzey5aPhd7jYIoHsUfjmQ),174755,user[38256] (UguXzxEsXbCpzFgvWHHExg),0.00627789,item->user
out,7401,entity[7401] (ZCzey5aPhd7jYIoHsUfjmQ),45567,entity[45567] (categories::Restaurants),0.00591265,categories
out,7401,entity[7401] (ZCzey5aPhd7jYIoHsUfjmQ),179539,user[43040] (i9qCsgl81_CMsnMuc67hqg),0.00577085,item->user
out,7401,entity[7401] (ZCzey5aPhd7jYIoHsUfjmQ),179382,user[42883] (OMEl_8PMsst9UVF5l0k7Sg),0.00558814,item->user
out,7401,entity[7401] (ZCzey5aPhd7jYIoHsUfjmQ),165850,user[29351] (Gki6epEdVq5iVEAGey0RMg),0.00553602,item->user
out,7401,entity[7401] (ZCzey5aPhd7jYIoHsUfjmQ),142605,user[6106] (sxrkRI8Ncd8pysgkC_oLxA),0.00529811,item->user
out,7401,entity[7401] (ZCzey5aPhd7jYIoHsUfjmQ),137636,user[1137] (r9tjKaqLvLKF7PvDnUsFnA),0.00465631,item->user
out,7401,entity[7401] (ZCzey5aPhd7jYIoHsUfjmQ),179866,user[43367] (nKEDm50eIkHFMQvuHRd2WA),0.00457544,item->user
out,7401,entity[7401] (ZCzey5aPhd7jYIoHsUfjmQ),162795,user[26296] (wlc3ueOUwo5e3NFqeVWeDw),0.00446844,item->user
out,7401,entity[7401] (ZCzey5aPhd7jYIoHsUfjmQ),150083,user[13584] (rgvuMmaMu8jqnlt90Ydn9w),0.00442360,item->user
out,7401,entity[7401] (ZCzey5aPhd7jYIoHsUfjmQ),157100,user[20601] (0tZ7Lk7VZlEjdbLzdYTrzw),0.00436580,item->user
out,7401,entity[7401] (ZCzey5aPhd7jYIoHsUfjmQ),176913,user[40414] (Wncmy7Vs1BsD8XrVnuhk3A),0.00431397,item->user
out,7401,entity[7401] (ZCzey5aPhd7jYIoHsUfjmQ),159870,user[23371] (4zYIcJNAaiYHZkRPcGb_tA),0.00424422,item->user
out,7401,entity[7401] (ZCzey5aPhd7jYIoHsUfjmQ),170531,user[34032] (XPhKXWJCGyTTMNXQ_swZpQ),0.00420460,item->user
out,7401,entity[7401] (ZCzey5aPhd7jYIoHsUfjmQ),152043,user[15544] (QG9ZJatKSWj5p5VrW3cfMA),0.00391842,item->user
out,7401,entity[7401] (ZCzey5aPhd7jYIoHsUfjmQ),170839,user[34340] (j9qxRwGC416Ol88ye4BSCw),0.00389652,item->user
out,7401,entity[7401] (ZCzey5aPhd7jYIoHsUfjmQ),149044,user[12545] (EMM4HqI1mV7SwqXen6knJw),0.00388209,item->user
out,7401,entity[7401] (ZCzey5aPhd7jYIoHsUfjmQ),154347,user[17848] (pazeYPyJ2ycDiNDcmamntQ),0.00387686,item->user
out,7401,entity[7401] (ZCzey5aPhd7jYIoHsUfjmQ),173693,user[37194] (RB1abtdoWjClQjQ2BVgPwA),0.00366215,item->user
out,7401,entity[7401] (ZCzey5aPhd7jYIoHsUfjmQ),160312,user[23813] (h0fffFM3GcXll6FsgUGC8g),0.00361085,item->user
out,7401,entity[7401] (ZCzey5aPhd7jYIoHsUfjmQ),152349,user[15850] (XTXVPAkymeR9dkBiuQjKig),0.00360200,item->user
out,7401,entity[7401] (ZCzey5aPhd7jYIoHsUfjmQ),150089,user[13590] (fSR_UX9kSeU4oOkrP4zacg),0.00348313,item->user
out,7401,entity[7401] (ZCzey5aPhd7jYIoHsUfjmQ),158492,user[21993] (lJaMhVl641JJhTZhR3s_EQ),0.00339199,item->user
out,7401,entity[7401] (ZCzey5aPhd7jYIoHsUfjmQ),142539,user[6040] (2o4Mta5K0hjShQwAC4U2vA),0.00319879,item->user
out,7401,entity[7401] (ZCzey5aPhd7jYIoHsUfjmQ),144883,user[8384] (S6XAGgqKh9BBA8NRmQ3BKg),0.00314490,item->user
out,7401,entity[7401] (ZCzey5aPhd7jYIoHsUfjmQ),176816,user[40317] (BlSbxxb1vyfFoLGjfHh5dg),0.00310386,item->user
out,7401,entity[7401] (ZCzey5aPhd7jYIoHsUfjmQ),141818,user[5319] (ZpfTh2L2MIDZwnNZN3TWcA),0.00291262,item->user
out,7401,entity[7401] (ZCzey5aPhd7jYIoHsUfjmQ),166765,user[30266] (Qj1hYw1p291aeBGsFLLhkw),0.00273730,item->user
out,7401,entity[7401] (ZCzey5aPhd7jYIoHsUfjmQ),163573,user[27074] (LY1iz1qMdTiS7RiGORoRUQ),0.00256770,item->user
out,7401,entity[7401] (ZCzey5aPhd7jYIoHsUfjmQ),167298,user[30799] (Z2V0QcIHdTrb3ty9SnlgEg),0.00252733,item->user
out,7401,entity[7401] (ZCzey5aPhd7jYIoHsUfjmQ),179231,user[42732] (fQH_rE23qWixF0uvTl3Vcw),0.00245278,item->user
out,7401,entity[7401] (ZCzey5aPhd7jYIoHsUfjmQ),146078,user[9579] (9jA5_7o9V4m6i8ZRb4t6LA),0.00241517,item->user
out,7401,entity[7401] (ZCzey5aPhd7jYIoHsUfjmQ),140744,user[4245] (fdElcNLGXA4jUVTqwkgioQ),0.00240353,item->user
out,7401,entity[7401] (ZCzey5aPhd7jYIoHsUfjmQ),46168,entity[46168] (categories::Korean),0.00237914,categories
out,7401,entity[7401] (ZCzey5aPhd7jYIoHsUfjmQ),144960,user[8461] (20svwt6_PknWMO7Ph9p4mw),0.00232961,item->user
out,7401,entity[7401] (ZCzey5aPhd7jYIoHsUfjmQ),138469,user[1970] (gynMtvoyHZrSDsHMecwd8Q),0.00230696,item->user
out,7401,entity[7401] (ZCzey5aPhd7jYIoHsUfjmQ),146789,user[10290] (4d13xAX2jp2EbGF8I9eZZw),0.00219896,item->user
out,7401,entity[7401] (ZCzey5aPhd7jYIoHsUfjmQ),150002,user[13503] (RWIOyyHjbgt61FPxuFHe1Q),0.00211927,item->user
out,7401,entity[7401] (ZCzey5aPhd7jYIoHsUfjmQ),160655,user[24156] (gWxac7OR92Q538fphDE6mA),0.00211392,item->user
out,7401,entity[7401] (ZCzey5aPhd7jYIoHsUfjmQ),178657,user[42158] (keQE5jr6dgAiJGzrpYdnYw),0.00208194,item->user
out,7401,entity[7401] (ZCzey5aPhd7jYIoHsUfjmQ),174294,user[37795] (K6SaKA0kN2g5_Lz13YyCaA),0.00205749,item->user
out,7401,entity[7401] (ZCzey5aPhd7jYIoHsUfjmQ),148313,user[11814] (X0o9AQXtSoE9wc8kPSc8ww),0.00202825,item->user
out,7401,entity[7401] (ZCzey5aPhd7jYIoHsUfjmQ),170226,user[33727] (4ZdoOleUK9Tx6LiCQNXqng),0.00196765,item->user
out,7401,entity[7401] (ZCzey5aPhd7jYIoHsUfjmQ),179153,user[42654] (kszac3OHPpWNENAi91Gurw),0.00194956,item->user
out,7401,entity[7401] (ZCzey5aPhd7jYIoHsUfjmQ),180488,user[43989] (gebvA4YEQwDNCMEbyfUYqQ),0.00193916,item->user
out,7401,entity[7401] (ZCzey5aPhd7jYIoHsUfjmQ),174131,user[37632] (B6jROr34RPJSrvn6bAnxqw),0.00187093,item->user
out,7401,entity[7401] (ZCzey5aPhd7jYIoHsUfjmQ),169352,user[32853] (Cjul1bp0PtI4rhT7tPERYA),0.00182555,item->user
out,7401,entity[7401] (ZCzey5aPhd7jYIoHsUfjmQ),163595,user[27096] (UK2DsID5q3MCqYX23S6xXw),0.00177417,item->user
out,7401,entity[7401] (ZCzey5aPhd7jYIoHsUfjmQ),175655,user[39156] (bklPCroQvuXcatBrnaAU_w),0.00169086,item->user
out,7401,entity[7401] (ZCzey5aPhd7jYIoHsUfjmQ),162615,user[26116] (9FL3qSL0sfVjdUPY4armrg),0.00168710,item->user
out,7401,entity[7401] (ZCzey5aPhd7jYIoHsUfjmQ),169214,user[32715] (yBOAoIDR7b6r3v3pAqNnLA),0.00167705,item->user
out,7401,entity[7401] (ZCzey5aPhd7jYIoHsUfjmQ),149645,user[13146] (8SgjU2fID9VqKQooFt1DIQ),0.00156563,item->user
out,7401,entity[7401] (ZCzey5aPhd7jYIoHsUfjmQ),175927,user[39428] (AJByiqOSSkG66SlnnfstPQ),0.00154385,item->user
out,7401,entity[7401] (ZCzey5aPhd7jYIoHsUfjmQ),174342,user[37843] (YkXrZ1QLl19ohcPXpvMh5A),0.00153535,item->user
out,7401,entity[7401] (ZCzey5aPhd7jYIoHsUfjmQ),161391,user[24892] (gKX5BAYV81HOtBqBvhuQvg),0.00152131,item->user
out,7401,entity[7401] (ZCzey5aPhd7jYIoHsUfjmQ),165720,user[29221] (4IGL7UrjG1WlSPSayL6T4A),0.00150859,item->user
out,7401,entity[7401] (ZCzey5aPhd7jYIoHsUfjmQ),157745,user[21246] (lTlAN7WXq6hEdzBiSYxknQ),0.00147749,item->user
out,7401,entity[7401] (ZCzey5aPhd7jYIoHsUfjmQ),146001,user[9502] (lC97Y25jUV0DVCCAtR5rkQ),0.00146712,item->user
out,7401,entity[7401] (ZCzey5aPhd7jYIoHsUfjmQ),140602,user[4103] (sZCDmgrGyvHTrAha08KqDA),0.00144150,item->user
out,7401,entity[7401] (ZCzey5aPhd7jYIoHsUfjmQ),177005,user[40506] (Ir0stkOXlnnTrT9hN0Kozw),0.00141179,item->user
out,7401,entity[7401] (ZCzey5aPhd7jYIoHsUfjmQ),45762,entity[45762] (categories::Nightlife),0.00139780,categories
out,7401,entity[7401] (ZCzey5aPhd7jYIoHsUfjmQ),150097,user[13598] (qrZVsscdoPKfewz50ZmLeA),0.00138107,item->user
out,7401,entity[7401] (ZCzey5aPhd7jYIoHsUfjmQ),159663,user[23164] (fCWEsW3lhZk2RQ0zPrqvsw),0.00134888,item->user
out,7401,entity[7401] (ZCzey5aPhd7jYIoHsUfjmQ),168314,user[31815] (LF0dQ2QgKbmv6gb5xgxAFA),0.00132604,item->user
out,7401,entity[7401] (ZCzey5aPhd7jYIoHsUfjmQ),162265,user[25766] (IkvaB4ij28xrBgh5Qz4KPw),0.00132294,item->user
out,7401,entity[7401] (ZCzey5aPhd7jYIoHsUfjmQ),180891,user[44392] (ssY5madTrd_ZAiV8av9kug),0.00131294,item->user
out,7401,entity[7401] (ZCzey5aPhd7jYIoHsUfjmQ),171254,user[34755] (xCf58sOiZxQFFQcb4TUUQQ),0.00131056,item->user
out,7401,entity[7401] (ZCzey5aPhd7jYIoHsUfjmQ),153960,user[17461] (EvPIHxrIba_KEFkpJG1dzw),0.00130934,item->user
out,7401,entity[7401] (ZCzey5aPhd7jYIoHsUfjmQ),173208,user[36709] (He2UXphOsEq7U5LDyd3n4Q),0.00126600,item->user
out,7401,entity[7401] (ZCzey5aPhd7jYIoHsUfjmQ),161529,user[25030] (sTAAPSkBP_6zxpajW40bHw),0.00124668,item->user
out,7401,entity[7401] (ZCzey5aPhd7jYIoHsUfjmQ),166600,user[30101] (li7AtdY322dAqBGicsgL0g),0.00121860,item->user
out,7401,entity[7401] (ZCzey5aPhd7jYIoHsUfjmQ),143139,user[6640] (r8FW18DrUnOvvLjLZ9PquA),0.00112223,item->user
out,7401,entity[7401] (ZCzey5aPhd7jYIoHsUfjmQ),172810,user[36311] (PqX6OuXz7II9RHWmGEp0QQ),0.00110352,item->user
out,7401,entity[7401] (ZCzey5aPhd7jYIoHsUfjmQ),179742,user[43243] (vZFYa63rZtbyiL4bH32CdQ),0.00109997,item->user
out,7401,entity[7401] (ZCzey5aPhd7jYIoHsUfjmQ),139014,user[2515] (NsegE9Mqm3GCQeSx0v0tYw),0.00109412,item->user
out,7401,entity[7401] (ZCzey5aPhd7jYIoHsUfjmQ),180719,user[44220] (p9MNw2PKSwHaRn2i4gM5eA),0.00106938,item->user
out,7401,entity[7401] (ZCzey5aPhd7jYIoHsUfjmQ),177424,user[40925] (c1EdlCQyw9sJfQjt3Qzqpw),0.00105987,item->user
out,7401,entity[7401] (ZCzey5aPhd7jYIoHsUfjmQ),151786,user[15287] (rXDqOtMie36VjQMLQdwHsA),0.00104023,item->user
out,7401,entity[7401] (ZCzey5aPhd7jYIoHsUfjmQ),146124,user[9625] (WWC17TMB0z3sfKgKu1IbGw),0.00103789,item->user
out,7401,entity[7401] (ZCzey5aPhd7jYIoHsUfjmQ),178558,user[42059] (WE3juJ0iRPsQ6e18VynwDQ),0.00101467,item->user
out,7401,entity[7401] (ZCzey5aPhd7jYIoHsUfjmQ),171210,user[34711] (53_Eac6MvU0fr2lmMlTIRQ),0.00098978,item->user
out,7401,entity[7401] (ZCzey5aPhd7jYIoHsUfjmQ),171307,user[34808] (zJ0WVV_HdEGjBJ_JlXS9Ig),0.00098937,item->user
out,7401,entity[7401] (ZCzey5aPhd7jYIoHsUfjmQ),145775,user[9276] (0jysa5m28UvY6AMjHtU4aw),0.00097597,item->user
out,7401,entity[7401] (ZCzey5aPhd7jYIoHsUfjmQ),168911,user[32412] (fpcHZiCx0yCdXZCtVOqJrg),0.00096577,item->user
out,7401,entity[7401] (ZCzey5aPhd7jYIoHsUfjmQ),139433,user[2934] (cMEtAiW60I5wE_vLfTxoJQ),0.00088342,item->user
out,7401,entity[7401] (ZCzey5aPhd7jYIoHsUfjmQ),181966,user[45467] (FgMWx8pCjrST_Pqvm9NLdA),0.00087665,item->user
out,7401,entity[7401] (ZCzey5aPhd7jYIoHsUfjmQ),48479,entity[48479] (?),0.00082139,categories
out,7401,entity[7401] (ZCzey5aPhd7jYIoHsUfjmQ),162226,user[25727] (LpqOueZj2CQjLn5dUDfyWg),0.00080072,item->user
out,7401,entity[7401] (ZCzey5aPhd7jYIoHsUfjmQ),159370,user[22871] (wAHvCjMffHf9xCWFhgkRzg),0.00079380,item->user
out,7401,entity[7401] (ZCzey5aPhd7jYIoHsUfjmQ),45968,entity[45968] (categories::Thai),0.00075560,categories
out,7401,entity[7401] (ZCzey5aPhd7jYIoHsUfjmQ),167478,user[30979] (c5ebpS7ex6npffT9Nlvqvw),0.00072551,item->user
out,7401,entity[7401] (ZCzey5aPhd7jYIoHsUfjmQ),45627,entity[45627] (categories::Bars),0.00070354,categories
out,7401,entity[7401] (ZCzey5aPhd7jYIoHsUfjmQ),181300,user[44801] (7R13F744wiEZdFJ634GU_A),0.00069770,item->user
out,7401,entity[7401] (ZCzey5aPhd7jYIoHsUfjmQ),175336,user[38837] (BbVdH18QJVn2cYuFHvgAEA),0.00069217,item->user
out,7401,entity[7401] (ZCzey5aPhd7jYIoHsUfjmQ),169687,user[33188] (LoCpepvopAzq2EKT2g4wwA),0.00068654,item->user
out,7401,entity[7401] (ZCzey5aPhd7jYIoHsUfjmQ),149430,user[12931] (aPhwq_YYD1uCO3Q1mSlzcQ),0.00067030,item->user
out,7401,entity[7401] (ZCzey5aPhd7jYIoHsUfjmQ),171954,user[35455] (UDAq1qkLKq5mIybBfNzS_A),0.00064247,item->user
out,7401,entity[7401] (ZCzey5aPhd7jYIoHsUfjmQ),147358,user[10859] (0ibm06KpYdnGL8Ga55w5RQ),0.00064186,item->user
out,7401,entity[7401] (ZCzey5aPhd7jYIoHsUfjmQ),160644,user[24145] (2ZtqYY6BZg53MJd7qoYT0g),0.00063914,item->user
out,7401,entity[7401] (ZCzey5aPhd7jYIoHsUfjmQ),165278,user[28779] (X746pSIgjHPTQRvCUe2tmg),0.00060759,item->user
out,7401,entity[7401] (ZCzey5aPhd7jYIoHsUfjmQ),158189,user[21690] (SbzkQ6M5hRhDuYOoVe4H0A),0.00059940,item->user
out,7401,entity[7401] (ZCzey5aPhd7jYIoHsUfjmQ),161658,user[25159] (rJOb7tYaJfqBbS4Pb4q30Q),0.00059210,item->user
out,7401,entity[7401] (ZCzey5aPhd7jYIoHsUfjmQ),167214,user[30715] (zj2ff8z23ejDFDAsEcs_BA),0.00058752,item->user
out,7401,entity[7401] (ZCzey5aPhd7jYIoHsUfjmQ),46503,entity[46503] (categories::Chinese),0.00056696,categories
out,7401,entity[7401] (ZCzey5aPhd7jYIoHsUfjmQ),174376,user[37877] (CHomvHLiappeENd8SbU9nQ),0.00049816,item->user
out,7401,entity[7401] (ZCzey5aPhd7jYIoHsUfjmQ),171696,user[35197] (n8sxD3ybFwCHhOo9P3bVhw),0.00049541,item->user
out,7401,entity[7401] (ZCzey5aPhd7jYIoHsUfjmQ),169367,user[32868] (P26Oih5WLcBC6U1zIEnf_w),0.00048292,item->user
out,7401,entity[7401] (ZCzey5aPhd7jYIoHsUfjmQ),139450,user[2951] (dyHHJs4gHHOW6EON4xHRQA),0.00046166,item->user
out,7401,entity[7401] (ZCzey5aPhd7jYIoHsUfjmQ),154420,user[17921] (1uVmN3vSvxCrxijXFwtIrA),0.00045988,item->user
out,7401,entity[7401] (ZCzey5aPhd7jYIoHsUfjmQ),155870,user[19371] (podBTLonm3NB3jwNBIclQg),0.00045339,item->user
out,7401,entity[7401] (ZCzey5aPhd7jYIoHsUfjmQ),172306,user[35807] (OGMT9AFPZy_2hfiNCBW3ww),0.00044285,item->user
out,7401,entity[7401] (ZCzey5aPhd7jYIoHsUfjmQ),180900,user[44401] (vrwEyaJSte3zyFDKP7PaFg),0.00040736,item->user
out,7401,entity[7401] (ZCzey5aPhd7jYIoHsUfjmQ),156833,user[20334] (A7n1N1cHdrGZRjM9df7MGg),0.00040717,item->user
out,7401,entity[7401] (ZCzey5aPhd7jYIoHsUfjmQ),145007,user[8508] (7GVA958q4zs5Z8cdHauU5Q),0.00040527,item->user
out,7401,entity[7401] (ZCzey5aPhd7jYIoHsUfjmQ),180057,user[43558] (3ABugfXekKDaV4F1iBg0TQ),0.00040470,item->user
out,7401,entity[7401] (ZCzey5aPhd7jYIoHsUfjmQ),145077,user[8578] (1Z8g8lyU6ILsItOKJmJmxQ),0.00036808,item->user
out,7401,entity[7401] (ZCzey5aPhd7jYIoHsUfjmQ),178613,user[42114] (qvBycvgpYXg9Jdv8UrWOKw),0.00035424,item->user
out,7401,entity[7401] (ZCzey5aPhd7jYIoHsUfjmQ),153948,user[17449] (Ck73f1qtZbu68F_vjzsBrQ),0.00033360,item->user
out,7401,entity[7401] (ZCzey5aPhd7jYIoHsUfjmQ),45772,entity[45772] (city::Phoenix),0.00032374,city
out,7401,entity[7401] (ZCzey5aPhd7jYIoHsUfjmQ),156914,user[20415] (LnmJwGICM54BbrfWOShCXg),0.00031985,item->user
out,7401,entity[7401] (ZCzey5aPhd7jYIoHsUfjmQ),152155,user[15656] (LGDG2rhF1fsbcY3iPfmj5w),0.00029911,item->user
out,7401,entity[7401] (ZCzey5aPhd7jYIoHsUfjmQ),181860,user[45361] (4OuY8zCZ6LoiQNpMtE802A),0.00029741,item->user
out,7401,entity[7401] (ZCzey5aPhd7jYIoHsUfjmQ),139652,user[3153] (xB6hzmt8aZ06xqdFpLSRoA),0.00029200,item->user
out,7401,entity[7401] (ZCzey5aPhd7jYIoHsUfjmQ),155447,user[18948] (PnP7LY0ZyY0JkbZp4ecz5A),0.00028784,item->user
out,7401,entity[7401] (ZCzey5aPhd7jYIoHsUfjmQ),182082,user[45583] (G7ppJ0NKJyW_jjy1nU9ZHg),0.00028359,item->user
out,7401,entity[7401] (ZCzey5aPhd7jYIoHsUfjmQ),138842,user[2343] (UyuWAvDcLp4zU1Wfc1PNXg),0.00027187,item->user
out,7401,entity[7401] (ZCzey5aPhd7jYIoHsUfjmQ),141826,user[5327] (kjeX2RXvW7RhBbD2QLd5jA),0.00025640,item->user
out,7401,entity[7401] (ZCzey5aPhd7jYIoHsUfjmQ),145508,user[9009] (SNQcE_Bc0QAbxFu5F1dTzw),0.00024251,item->user
out,7401,entity[7401] (ZCzey5aPhd7jYIoHsUfjmQ),182210,user[45711] (MfRJ9k39Rl0EK3qyozPX9g),0.00024221,item->user
out,7401,entity[7401] (ZCzey5aPhd7jYIoHsUfjmQ),142040,user[5541] (9uKbKAfG_N2MrXDZdUuV3Q),0.00024135,item->user
out,7401,entity[7401] (ZCzey5aPhd7jYIoHsUfjmQ),136955,user[456] (dIIKEfOgo0KqUfGQvGikPg),0.00024040,item->user
out,7401,entity[7401] (ZCzey5aPhd7jYIoHsUfjmQ),50690,entity[50690] (categories::Japanese),0.00022476,categories
out,7401,entity[7401] (ZCzey5aPhd7jYIoHsUfjmQ),140591,user[4092] (yhwTdYacvHMjS5hSFvgQpg),0.00022043,item->user
out,7401,entity[7401] (ZCzey5aPhd7jYIoHsUfjmQ),166325,user[29826] (eaOGQRNuxSFp1eWoaLjiag),0.00021667,item->user
out,7401,entity[7401] (ZCzey5aPhd7jYIoHsUfjmQ),169572,user[33073] (9IeA8hN8ilCwXZH9gmWzXg),0.00020623,item->user
out,7401,entity[7401] (ZCzey5aPhd7jYIoHsUfjmQ),137452,user[953] (9uE0smG2bwgkI95RPj0lPQ),0.00019959,item->user
out,7401,entity[7401] (ZCzey5aPhd7jYIoHsUfjmQ),182376,user[45877] (r8lzy9r5RBhIagWj9Qz9fg),0.00018933,item->user
out,7401,entity[7401] (ZCzey5aPhd7jYIoHsUfjmQ),168149,user[31650] (bL1WfC79oRhrZ4qATEJuBw),0.00017189,item->user
out,7401,entity[7401] (ZCzey5aPhd7jYIoHsUfjmQ),137537,user[1038] (sTcYq6goD1Fa2WS9MSkSvQ),0.00014172,item->user
out,7401,entity[7401] (ZCzey5aPhd7jYIoHsUfjmQ),145891,user[9392] (GXZ5jqnaCdcoYM11pfXoCA),0.00012880,item->user
out,7401,entity[7401] (ZCzey5aPhd7jYIoHsUfjmQ),167197,user[30698] (UnWmjPOkbUTOefdQA1VFzw),0.00012320,item->user
out,7401,entity[7401] (ZCzey5aPhd7jYIoHsUfjmQ),59383,entity[59383] (?),0.00011843,attributes::Ambience
out,7401,entity[7401] (ZCzey5aPhd7jYIoHsUfjmQ),138632,user[2133] (Fsl2PiYgazF_9DaBpCrYdg),0.00009871,item->user
out,7401,entity[7401] (ZCzey5aPhd7jYIoHsUfjmQ),140284,user[3785] (WwW0bh9cXtyl4ruIKjlAqg),0.00009835,item->user
out,7401,entity[7401] (ZCzey5aPhd7jYIoHsUfjmQ),166508,user[30009] (50sMRHr0ptxYDcSB3FeZow),0.00009752,item->user
out,7401,entity[7401] (ZCzey5aPhd7jYIoHsUfjmQ),169527,user[33028] (QOZxUF99ILhhs4XE764FPQ),0.00009532,item->user
out,7401,entity[7401] (ZCzey5aPhd7jYIoHsUfjmQ),140283,user[3784] (Eg5niduTCVnaIBzGmoLiVQ),0.00009081,item->user
out,7401,entity[7401] (ZCzey5aPhd7jYIoHsUfjmQ),163682,user[27183] (arytb273xKMYd8q4bcyfAA),0.00006590,item->user
out,7401,entity[7401] (ZCzey5aPhd7jYIoHsUfjmQ),45587,entity[45587] (state::AZ),0.00001347,state
out,7401,entity[7401] (ZCzey5aPhd7jYIoHsUfjmQ),45648,entity[45648] (?),0.00001328,attributes::GoodForMeal
out,7401,entity[7401] (ZCzey5aPhd7jYIoHsUfjmQ),45569,entity[45569] (attributes::NoiseLevel::average),0.00000770,attributes::NoiseLevel
out,7401,entity[7401] (ZCzey5aPhd7jYIoHsUfjmQ),45560,entity[45560] (attributes::RestaurantsGoodForGroups::True),0.00000734,attributes::RestaurantsGoodForGroups
out,7401,entity[7401] (ZCzey5aPhd7jYIoHsUfjmQ),45618,entity[45618] (attributes::RestaurantsTableService::True),0.00000638,attributes::RestaurantsTableService
out,7401,entity[7401] (ZCzey5aPhd7jYIoHsUfjmQ),45572,entity[45572] (attributes::RestaurantsDelivery::False),0.00000561,attributes::RestaurantsDelivery
out,7401,entity[7401] (ZCzey5aPhd7jYIoHsUfjmQ),45585,entity[45585] (attributes::RestaurantsAttire::casual),0.00000559,attributes::RestaurantsAttire
out,7401,entity[7401] (ZCzey5aPhd7jYIoHsUfjmQ),45704,entity[45704] (attributes::WheelchairAccessible::True),0.00000535,attributes::WheelchairAccessible
out,7401,entity[7401] (ZCzey5aPhd7jYIoHsUfjmQ),45545,entity[45545] (attributes::BusinessAcceptsCreditCards::True),0.00000527,attributes::BusinessAcceptsCreditCards
out,7401,entity[7401] (ZCzey5aPhd7jYIoHsUfjmQ),45554,entity[45554] (attributes::RestaurantsPriceRange2::2),0.00000515,attributes::RestaurantsPriceRange2
out,7401,entity[7401] (ZCzey5aPhd7jYIoHsUfjmQ),45590,entity[45590] (attributes::DogsAllowed::True),0.00000499,attributes::DogsAllowed
out,7401,entity[7401] (ZCzey5aPhd7jYIoHsUfjmQ),45540,entity[45540] (attributes::BikeParking::True),0.00000490,attributes::BikeParking
out,7401,entity[7401] (ZCzey5aPhd7jYIoHsUfjmQ),45646,entity[45646] (attributes::HasTV::True),0.00000483,attributes::HasTV
out,7401,entity[7401] (ZCzey5aPhd7jYIoHsUfjmQ),45702,entity[45702] (attributes::RestaurantsReservations::True),0.00000380,attributes::RestaurantsReservations
out,7401,entity[7401] (ZCzey5aPhd7jYIoHsUfjmQ),45592,entity[45592] (attributes::RestaurantsTakeOut::True),0.00000346,attributes::RestaurantsTakeOut
out,7401,entity[7401] (ZCzey5aPhd7jYIoHsUfjmQ),45694,entity[45694] (attributes::WiFi::no),0.00000340,attributes::WiFi
out,7401,entity[7401] (ZCzey5aPhd7jYIoHsUfjmQ),45613,entity[45613] (attributes::GoodForKids::False),0.00000322,attributes::GoodForKids
out,7401,entity[7401] (ZCzey5aPhd7jYIoHsUfjmQ),45547,entity[45547] (attributes::OutdoorSeating::True),0.00000297,attributes::OutdoorSeating
out,7401,entity[7401] (ZCzey5aPhd7jYIoHsUfjmQ),45609,entity[45609] (stars::4.5),0.00000255,stars
out,7401,entity[7401] (ZCzey5aPhd7jYIoHsUfjmQ),45561,entity[45561] (attributes::Caters::False),0.00000218,attributes::Caters
out,7401,entity[7401] (ZCzey5aPhd7jYIoHsUfjmQ),45927,entity[45927] (attributes::Alcohol::full_bar),0.00000148,attributes::Alcohol
in,180488,user[43989] (gebvA4YEQwDNCMEbyfUYqQ),7401,entity[7401] (ZCzey5aPhd7jYIoHsUfjmQ),0.60679972,user->item
in,166765,user[30266] (Qj1hYw1p291aeBGsFLLhkw),7401,entity[7401] (ZCzey5aPhd7jYIoHsUfjmQ),0.45017990,user->item
in,169214,user[32715] (yBOAoIDR7b6r3v3pAqNnLA),7401,entity[7401] (ZCzey5aPhd7jYIoHsUfjmQ),0.43871391,user->item
in,171954,user[35455] (UDAq1qkLKq5mIybBfNzS_A),7401,entity[7401] (ZCzey5aPhd7jYIoHsUfjmQ),0.42555577,user->item
in,176913,user[40414] (Wncmy7Vs1BsD8XrVnuhk3A),7401,entity[7401] (ZCzey5aPhd7jYIoHsUfjmQ),0.40562695,user->item
in,165720,user[29221] (4IGL7UrjG1WlSPSayL6T4A),7401,entity[7401] (ZCzey5aPhd7jYIoHsUfjmQ),0.37999481,user->item
in,161889,user[25390] (OJAXdqwiA8aWXTJw_2hu1w),7401,entity[7401] (ZCzey5aPhd7jYIoHsUfjmQ),0.35225901,user->item
in,174755,user[38256] (UguXzxEsXbCpzFgvWHHExg),7401,entity[7401] (ZCzey5aPhd7jYIoHsUfjmQ),0.35225165,user->item
in,140591,user[4092] (yhwTdYacvHMjS5hSFvgQpg),7401,entity[7401] (ZCzey5aPhd7jYIoHsUfjmQ),0.31622162,user->item
in,179866,user[43367] (nKEDm50eIkHFMQvuHRd2WA),7401,entity[7401] (ZCzey5aPhd7jYIoHsUfjmQ),0.31369802,user->item
in,180642,user[44143] (obam2FNZJ7d3HhA2AGRGyA),7401,entity[7401] (ZCzey5aPhd7jYIoHsUfjmQ),0.29375035,user->item
in,141818,user[5319] (ZpfTh2L2MIDZwnNZN3TWcA),7401,entity[7401] (ZCzey5aPhd7jYIoHsUfjmQ),0.28968146,user->item
in,174294,user[37795] (K6SaKA0kN2g5_Lz13YyCaA),7401,entity[7401] (ZCzey5aPhd7jYIoHsUfjmQ),0.28821173,user->item
in,142539,user[6040] (2o4Mta5K0hjShQwAC4U2vA),7401,entity[7401] (ZCzey5aPhd7jYIoHsUfjmQ),0.28739849,user->item
in,162615,user[26116] (9FL3qSL0sfVjdUPY4armrg),7401,entity[7401] (ZCzey5aPhd7jYIoHsUfjmQ),0.26415586,user->item
in,178613,user[42114] (qvBycvgpYXg9Jdv8UrWOKw),7401,entity[7401] (ZCzey5aPhd7jYIoHsUfjmQ),0.25896692,user->item
in,176630,user[40131] (9VNoBMBTI2AkQeHBCMvghQ),7401,entity[7401] (ZCzey5aPhd7jYIoHsUfjmQ),0.25822476,user->item
in,173928,user[37429] (8He5Y1pyl1ymoDMGmbKNjw),7401,entity[7401] (ZCzey5aPhd7jYIoHsUfjmQ),0.25082505,user->item
in,165850,user[29351] (Gki6epEdVq5iVEAGey0RMg),7401,entity[7401] (ZCzey5aPhd7jYIoHsUfjmQ),0.25006631,user->item
in,174623,user[38124] (IYeKKqqCA9m_Twgu6WOspg),7401,entity[7401] (ZCzey5aPhd7jYIoHsUfjmQ),0.24681474,user->item
in,167214,user[30715] (zj2ff8z23ejDFDAsEcs_BA),7401,entity[7401] (ZCzey5aPhd7jYIoHsUfjmQ),0.23864841,user->item
in,149430,user[12931] (aPhwq_YYD1uCO3Q1mSlzcQ),7401,entity[7401] (ZCzey5aPhd7jYIoHsUfjmQ),0.22889502,user->item
in,150097,user[13598] (qrZVsscdoPKfewz50ZmLeA),7401,entity[7401] (ZCzey5aPhd7jYIoHsUfjmQ),0.22301552,user->item
in,45554,entity[45554] (attributes::RestaurantsPriceRange2::2),7401,entity[7401] (ZCzey5aPhd7jYIoHsUfjmQ),0.22228377,attributes::RestaurantsPriceRange2_inv
in,170531,user[34032] (XPhKXWJCGyTTMNXQ_swZpQ),7401,entity[7401] (ZCzey5aPhd7jYIoHsUfjmQ),0.21912877,user->item
in,159370,user[22871] (wAHvCjMffHf9xCWFhgkRzg),7401,entity[7401] (ZCzey5aPhd7jYIoHsUfjmQ),0.20436321,user->item
in,181146,user[44647] (WjPLEr26Y0nW_ZtCEymnDw),7401,entity[7401] (ZCzey5aPhd7jYIoHsUfjmQ),0.19842224,user->item
in,181702,user[45203] (LPVSaUBvnSavuv_dgzrRSA),7401,entity[7401] (ZCzey5aPhd7jYIoHsUfjmQ),0.19571136,user->item
in,148857,user[12358] (ySOWHay3yeaadfuXOuagMg),7401,entity[7401] (ZCzey5aPhd7jYIoHsUfjmQ),0.19526036,user->item
in,180719,user[44220] (p9MNw2PKSwHaRn2i4gM5eA),7401,entity[7401] (ZCzey5aPhd7jYIoHsUfjmQ),0.18522461,user->item
in,171254,user[34755] (xCf58sOiZxQFFQcb4TUUQQ),7401,entity[7401] (ZCzey5aPhd7jYIoHsUfjmQ),0.18286122,user->item
in,148313,user[11814] (X0o9AQXtSoE9wc8kPSc8ww),7401,entity[7401] (ZCzey5aPhd7jYIoHsUfjmQ),0.17903480,user->item
in,175199,user[38700] (6CW6DrRM9WCdiFQJIvC4zA),7401,entity[7401] (ZCzey5aPhd7jYIoHsUfjmQ),0.17429517,user->item
in,150603,user[14104] (ib_ZTEwlCyz7xUCNXfmv_g),7401,entity[7401] (ZCzey5aPhd7jYIoHsUfjmQ),0.17417602,user->item
in,165278,user[28779] (X746pSIgjHPTQRvCUe2tmg),7401,entity[7401] (ZCzey5aPhd7jYIoHsUfjmQ),0.17244077,user->item
in,143139,user[6640] (r8FW18DrUnOvvLjLZ9PquA),7401,entity[7401] (ZCzey5aPhd7jYIoHsUfjmQ),0.16887021,user->item
in,169352,user[32853] (Cjul1bp0PtI4rhT7tPERYA),7401,entity[7401] (ZCzey5aPhd7jYIoHsUfjmQ),0.16233322,user->item
in,155870,user[19371] (podBTLonm3NB3jwNBIclQg),7401,entity[7401] (ZCzey5aPhd7jYIoHsUfjmQ),0.16222844,user->item
in,166508,user[30009] (50sMRHr0ptxYDcSB3FeZow),7401,entity[7401] (ZCzey5aPhd7jYIoHsUfjmQ),0.16118272,user->item
in,174131,user[37632] (B6jROr34RPJSrvn6bAnxqw),7401,entity[7401] (ZCzey5aPhd7jYIoHsUfjmQ),0.15789735,user->item
in,159323,user[22824] (uRMslpetVek6hMAgSrTYCA),7401,entity[7401] (ZCzey5aPhd7jYIoHsUfjmQ),0.15731034,user->item
in,156914,user[20415] (LnmJwGICM54BbrfWOShCXg),7401,entity[7401] (ZCzey5aPhd7jYIoHsUfjmQ),0.15250053,user->item
in,171210,user[34711] (53_Eac6MvU0fr2lmMlTIRQ),7401,entity[7401] (ZCzey5aPhd7jYIoHsUfjmQ),0.14062971,user->item
in,160644,user[24145] (2ZtqYY6BZg53MJd7qoYT0g),7401,entity[7401] (ZCzey5aPhd7jYIoHsUfjmQ),0.13812390,user->item
in,167298,user[30799] (Z2V0QcIHdTrb3ty9SnlgEg),7401,entity[7401] (ZCzey5aPhd7jYIoHsUfjmQ),0.13588712,user->item
in,179241,user[42742] (uLk3HSYVPKbvjAjdgf62Cg),7401,entity[7401] (ZCzey5aPhd7jYIoHsUfjmQ),0.13546042,user->item
in,142605,user[6106] (sxrkRI8Ncd8pysgkC_oLxA),7401,entity[7401] (ZCzey5aPhd7jYIoHsUfjmQ),0.13379122,user->item
in,160655,user[24156] (gWxac7OR92Q538fphDE6mA),7401,entity[7401] (ZCzey5aPhd7jYIoHsUfjmQ),0.13173601,user->item
in,152155,user[15656] (LGDG2rhF1fsbcY3iPfmj5w),7401,entity[7401] (ZCzey5aPhd7jYIoHsUfjmQ),0.12713574,user->item
in,169884,user[33385] (nDE9rO4ySQ8PbPR36k3I0g),7401,entity[7401] (ZCzey5aPhd7jYIoHsUfjmQ),0.12663522,user->item
in,181300,user[44801] (7R13F744wiEZdFJ634GU_A),7401,entity[7401] (ZCzey5aPhd7jYIoHsUfjmQ),0.12662522,user->item
in,158189,user[21690] (SbzkQ6M5hRhDuYOoVe4H0A),7401,entity[7401] (ZCzey5aPhd7jYIoHsUfjmQ),0.12471732,user->item
in,146001,user[9502] (lC97Y25jUV0DVCCAtR5rkQ),7401,entity[7401] (ZCzey5aPhd7jYIoHsUfjmQ),0.11904733,user->item
in,173208,user[36709] (He2UXphOsEq7U5LDyd3n4Q),7401,entity[7401] (ZCzey5aPhd7jYIoHsUfjmQ),0.11420739,user->item
in,167478,user[30979] (c5ebpS7ex6npffT9Nlvqvw),7401,entity[7401] (ZCzey5aPhd7jYIoHsUfjmQ),0.11394895,user->item
in,169687,user[33188] (LoCpepvopAzq2EKT2g4wwA),7401,entity[7401] (ZCzey5aPhd7jYIoHsUfjmQ),0.11167450,user->item
in,167197,user[30698] (UnWmjPOkbUTOefdQA1VFzw),7401,entity[7401] (ZCzey5aPhd7jYIoHsUfjmQ),0.10889802,user->item
in,145775,user[9276] (0jysa5m28UvY6AMjHtU4aw),7401,entity[7401] (ZCzey5aPhd7jYIoHsUfjmQ),0.10841237,user->item
in,153948,user[17449] (Ck73f1qtZbu68F_vjzsBrQ),7401,entity[7401] (ZCzey5aPhd7jYIoHsUfjmQ),0.10782666,user->item
in,140744,user[4245] (fdElcNLGXA4jUVTqwkgioQ),7401,entity[7401] (ZCzey5aPhd7jYIoHsUfjmQ),0.10494512,user->item
in,168149,user[31650] (bL1WfC79oRhrZ4qATEJuBw),7401,entity[7401] (ZCzey5aPhd7jYIoHsUfjmQ),0.10309640,user->item
in,157745,user[21246] (lTlAN7WXq6hEdzBiSYxknQ),7401,entity[7401] (ZCzey5aPhd7jYIoHsUfjmQ),0.10243783,user->item
in,173693,user[37194] (RB1abtdoWjClQjQ2BVgPwA),7401,entity[7401] (ZCzey5aPhd7jYIoHsUfjmQ),0.10203534,user->item
in,172810,user[36311] (PqX6OuXz7II9RHWmGEp0QQ),7401,entity[7401] (ZCzey5aPhd7jYIoHsUfjmQ),0.10025839,user->item
in,168314,user[31815] (LF0dQ2QgKbmv6gb5xgxAFA),7401,entity[7401] (ZCzey5aPhd7jYIoHsUfjmQ),0.09213027,user->item
in,182082,user[45583] (G7ppJ0NKJyW_jjy1nU9ZHg),7401,entity[7401] (ZCzey5aPhd7jYIoHsUfjmQ),0.09136811,user->item
in,170226,user[33727] (4ZdoOleUK9Tx6LiCQNXqng),7401,entity[7401] (ZCzey5aPhd7jYIoHsUfjmQ),0.08960193,user->item
in,152349,user[15850] (XTXVPAkymeR9dkBiuQjKig),7401,entity[7401] (ZCzey5aPhd7jYIoHsUfjmQ),0.08912993,user->item
in,139450,user[2951] (dyHHJs4gHHOW6EON4xHRQA),7401,entity[7401] (ZCzey5aPhd7jYIoHsUfjmQ),0.08451524,user->item
in,178558,user[42059] (WE3juJ0iRPsQ6e18VynwDQ),7401,entity[7401] (ZCzey5aPhd7jYIoHsUfjmQ),0.08393944,user->item
in,177005,user[40506] (Ir0stkOXlnnTrT9hN0Kozw),7401,entity[7401] (ZCzey5aPhd7jYIoHsUfjmQ),0.08121863,user->item
in,175927,user[39428] (AJByiqOSSkG66SlnnfstPQ),7401,entity[7401] (ZCzey5aPhd7jYIoHsUfjmQ),0.07705943,user->item
in,150002,user[13503] (RWIOyyHjbgt61FPxuFHe1Q),7401,entity[7401] (ZCzey5aPhd7jYIoHsUfjmQ),0.07459127,user->item
in,177424,user[40925] (c1EdlCQyw9sJfQjt3Qzqpw),7401,entity[7401] (ZCzey5aPhd7jYIoHsUfjmQ),0.07410002,user->item
in,171594,user[35095] (XOk0Wx1X2qzK5GQq05Aaww),7401,entity[7401] (ZCzey5aPhd7jYIoHsUfjmQ),0.07320572,user->item
in,146124,user[9625] (WWC17TMB0z3sfKgKu1IbGw),7401,entity[7401] (ZCzey5aPhd7jYIoHsUfjmQ),0.07204061,user->item
in,150083,user[13584] (rgvuMmaMu8jqnlt90Ydn9w),7401,entity[7401] (ZCzey5aPhd7jYIoHsUfjmQ),0.06828428,user->item
in,161658,user[25159] (rJOb7tYaJfqBbS4Pb4q30Q),7401,entity[7401] (ZCzey5aPhd7jYIoHsUfjmQ),0.06501076,user->item
in,153960,user[17461] (EvPIHxrIba_KEFkpJG1dzw),7401,entity[7401] (ZCzey5aPhd7jYIoHsUfjmQ),0.06485210,user->item
in,159893,user[23394] (9PZKQuLC5lUs0rJBbWOvjg),7401,entity[7401] (ZCzey5aPhd7jYIoHsUfjmQ),0.06261218,user->item
in,182376,user[45877] (r8lzy9r5RBhIagWj9Qz9fg),7401,entity[7401] (ZCzey5aPhd7jYIoHsUfjmQ),0.06101644,user->item
in,179382,user[42883] (OMEl_8PMsst9UVF5l0k7Sg),7401,entity[7401] (ZCzey5aPhd7jYIoHsUfjmQ),0.05680406,user->item
in,170839,user[34340] (j9qxRwGC416Ol88ye4BSCw),7401,entity[7401] (ZCzey5aPhd7jYIoHsUfjmQ),0.05673473,user->item
in,182210,user[45711] (MfRJ9k39Rl0EK3qyozPX9g),7401,entity[7401] (ZCzey5aPhd7jYIoHsUfjmQ),0.05474551,user->item
in,181966,user[45467] (FgMWx8pCjrST_Pqvm9NLdA),7401,entity[7401] (ZCzey5aPhd7jYIoHsUfjmQ),0.05370947,user->item
in,181860,user[45361] (4OuY8zCZ6LoiQNpMtE802A),7401,entity[7401] (ZCzey5aPhd7jYIoHsUfjmQ),0.05313129,user->item
in,142040,user[5541] (9uKbKAfG_N2MrXDZdUuV3Q),7401,entity[7401] (ZCzey5aPhd7jYIoHsUfjmQ),0.05153964,user->item
in,149044,user[12545] (EMM4HqI1mV7SwqXen6knJw),7401,entity[7401] (ZCzey5aPhd7jYIoHsUfjmQ),0.05147500,user->item
in,156916,user[20417] (FNN2v38cAZucLMxMmN83JQ),7401,entity[7401] (ZCzey5aPhd7jYIoHsUfjmQ),0.05077219,user->item
in,168911,user[32412] (fpcHZiCx0yCdXZCtVOqJrg),7401,entity[7401] (ZCzey5aPhd7jYIoHsUfjmQ),0.05028653,user->item
in,160312,user[23813] (h0fffFM3GcXll6FsgUGC8g),7401,entity[7401] (ZCzey5aPhd7jYIoHsUfjmQ),0.04922652,user->item
in,164203,user[27704] (4ZkQwaOoLT2eJWux9fE1Jw),7401,entity[7401] (ZCzey5aPhd7jYIoHsUfjmQ),0.04764887,user->item
in,175336,user[38837] (BbVdH18QJVn2cYuFHvgAEA),7401,entity[7401] (ZCzey5aPhd7jYIoHsUfjmQ),0.04559764,user->item
in,146078,user[9579] (9jA5_7o9V4m6i8ZRb4t6LA),7401,entity[7401] (ZCzey5aPhd7jYIoHsUfjmQ),0.04544055,user->item
in,154347,user[17848] (pazeYPyJ2ycDiNDcmamntQ),7401,entity[7401] (ZCzey5aPhd7jYIoHsUfjmQ),0.04295656,user->item
in,156833,user[20334] (A7n1N1cHdrGZRjM9df7MGg),7401,entity[7401] (ZCzey5aPhd7jYIoHsUfjmQ),0.04255868,user->item
in,174376,user[37877] (CHomvHLiappeENd8SbU9nQ),7401,entity[7401] (ZCzey5aPhd7jYIoHsUfjmQ),0.04201023,user->item
in,144960,user[8461] (20svwt6_PknWMO7Ph9p4mw),7401,entity[7401] (ZCzey5aPhd7jYIoHsUfjmQ),0.04145197,user->item
in,140602,user[4103] (sZCDmgrGyvHTrAha08KqDA),7401,entity[7401] (ZCzey5aPhd7jYIoHsUfjmQ),0.04127887,user->item
in,176411,user[39912] (W0VE9M7Dikrpol8j1_QqyQ),7401,entity[7401] (ZCzey5aPhd7jYIoHsUfjmQ),0.03944727,user->item
in,152043,user[15544] (QG9ZJatKSWj5p5VrW3cfMA),7401,entity[7401] (ZCzey5aPhd7jYIoHsUfjmQ),0.03856707,user->item
in,163595,user[27096] (UK2DsID5q3MCqYX23S6xXw),7401,entity[7401] (ZCzey5aPhd7jYIoHsUfjmQ),0.03835174,user->item
in,163682,user[27183] (arytb273xKMYd8q4bcyfAA),7401,entity[7401] (ZCzey5aPhd7jYIoHsUfjmQ),0.03685330,user->item
in,179231,user[42732] (fQH_rE23qWixF0uvTl3Vcw),7401,entity[7401] (ZCzey5aPhd7jYIoHsUfjmQ),0.03650288,user->item
in,158492,user[21993] (lJaMhVl641JJhTZhR3s_EQ),7401,entity[7401] (ZCzey5aPhd7jYIoHsUfjmQ),0.03628770,user->item
in,163573,user[27074] (LY1iz1qMdTiS7RiGORoRUQ),7401,entity[7401] (ZCzey5aPhd7jYIoHsUfjmQ),0.03555891,user->item
in,169572,user[33073] (9IeA8hN8ilCwXZH9gmWzXg),7401,entity[7401] (ZCzey5aPhd7jYIoHsUfjmQ),0.03477385,user->item
in,169367,user[32868] (P26Oih5WLcBC6U1zIEnf_w),7401,entity[7401] (ZCzey5aPhd7jYIoHsUfjmQ),0.03463105,user->item
in,159870,user[23371] (4zYIcJNAaiYHZkRPcGb_tA),7401,entity[7401] (ZCzey5aPhd7jYIoHsUfjmQ),0.03263879,user->item
in,157100,user[20601] (0tZ7Lk7VZlEjdbLzdYTrzw),7401,entity[7401] (ZCzey5aPhd7jYIoHsUfjmQ),0.03198918,user->item
in,174342,user[37843] (YkXrZ1QLl19ohcPXpvMh5A),7401,entity[7401] (ZCzey5aPhd7jYIoHsUfjmQ),0.03115228,user->item
in,179153,user[42654] (kszac3OHPpWNENAi91Gurw),7401,entity[7401] (ZCzey5aPhd7jYIoHsUfjmQ),0.03099536,user->item
in,175655,user[39156] (bklPCroQvuXcatBrnaAU_w),7401,entity[7401] (ZCzey5aPhd7jYIoHsUfjmQ),0.03024539,user->item
in,155447,user[18948] (PnP7LY0ZyY0JkbZp4ecz5A),7401,entity[7401] (ZCzey5aPhd7jYIoHsUfjmQ),0.02941994,user->item
in,144883,user[8384] (S6XAGgqKh9BBA8NRmQ3BKg),7401,entity[7401] (ZCzey5aPhd7jYIoHsUfjmQ),0.02850952,user->item
in,147358,user[10859] (0ibm06KpYdnGL8Ga55w5RQ),7401,entity[7401] (ZCzey5aPhd7jYIoHsUfjmQ),0.02846461,user->item
in,138842,user[2343] (UyuWAvDcLp4zU1Wfc1PNXg),7401,entity[7401] (ZCzey5aPhd7jYIoHsUfjmQ),0.02836667,user->item
in,179539,user[43040] (i9qCsgl81_CMsnMuc67hqg),7401,entity[7401] (ZCzey5aPhd7jYIoHsUfjmQ),0.02798441,user->item
in,146789,user[10290] (4d13xAX2jp2EbGF8I9eZZw),7401,entity[7401] (ZCzey5aPhd7jYIoHsUfjmQ),0.02783719,user->item
in,171696,user[35197] (n8sxD3ybFwCHhOo9P3bVhw),7401,entity[7401] (ZCzey5aPhd7jYIoHsUfjmQ),0.02599257,user->item
in,151786,user[15287] (rXDqOtMie36VjQMLQdwHsA),7401,entity[7401] (ZCzey5aPhd7jYIoHsUfjmQ),0.02397650,user->item
in,166325,user[29826] (eaOGQRNuxSFp1eWoaLjiag),7401,entity[7401] (ZCzey5aPhd7jYIoHsUfjmQ),0.02382732,user->item
in,176816,user[40317] (BlSbxxb1vyfFoLGjfHh5dg),7401,entity[7401] (ZCzey5aPhd7jYIoHsUfjmQ),0.02306679,user->item
in,162391,user[25892] (7bhQQHkTdtOucIpdfLAnSg),7401,entity[7401] (ZCzey5aPhd7jYIoHsUfjmQ),0.02286574,user->item
in,162795,user[26296] (wlc3ueOUwo5e3NFqeVWeDw),7401,entity[7401] (ZCzey5aPhd7jYIoHsUfjmQ),0.02267881,user->item
in,172306,user[35807] (OGMT9AFPZy_2hfiNCBW3ww),7401,entity[7401] (ZCzey5aPhd7jYIoHsUfjmQ),0.02215105,user->item
in,45772,entity[45772] (city::Phoenix),7401,entity[7401] (ZCzey5aPhd7jYIoHsUfjmQ),0.02206111,city_inv
in,154420,user[17921] (1uVmN3vSvxCrxijXFwtIrA),7401,entity[7401] (ZCzey5aPhd7jYIoHsUfjmQ),0.02120248,user->item
in,169527,user[33028] (QOZxUF99ILhhs4XE764FPQ),7401,entity[7401] (ZCzey5aPhd7jYIoHsUfjmQ),0.02045641,user->item
in,137793,user[1294] (WMMI5Q4Rmm1Rqdu0jOvyhQ),7401,entity[7401] (ZCzey5aPhd7jYIoHsUfjmQ),0.02017891,user->item
in,175132,user[38633] (6GT6kAIyCT9MA7y1ZN_PUw),7401,entity[7401] (ZCzey5aPhd7jYIoHsUfjmQ),0.01993064,user->item
in,150089,user[13590] (fSR_UX9kSeU4oOkrP4zacg),7401,entity[7401] (ZCzey5aPhd7jYIoHsUfjmQ),0.01954868,user->item
in,180900,user[44401] (vrwEyaJSte3zyFDKP7PaFg),7401,entity[7401] (ZCzey5aPhd7jYIoHsUfjmQ),0.01744840,user->item
in,145891,user[9392] (GXZ5jqnaCdcoYM11pfXoCA),7401,entity[7401] (ZCzey5aPhd7jYIoHsUfjmQ),0.01546233,user->item
in,166600,user[30101] (li7AtdY322dAqBGicsgL0g),7401,entity[7401] (ZCzey5aPhd7jYIoHsUfjmQ),0.01491432,user->item
in,139652,user[3153] (xB6hzmt8aZ06xqdFpLSRoA),7401,entity[7401] (ZCzey5aPhd7jYIoHsUfjmQ),0.01469692,user->item
in,161529,user[25030] (sTAAPSkBP_6zxpajW40bHw),7401,entity[7401] (ZCzey5aPhd7jYIoHsUfjmQ),0.01460544,user->item
in,179742,user[43243] (vZFYa63rZtbyiL4bH32CdQ),7401,entity[7401] (ZCzey5aPhd7jYIoHsUfjmQ),0.01408226,user->item
in,149645,user[13146] (8SgjU2fID9VqKQooFt1DIQ),7401,entity[7401] (ZCzey5aPhd7jYIoHsUfjmQ),0.01290942,user->item
in,137722,user[1223] (pKn_H1nkgrwJS6TuHODsvQ),7401,entity[7401] (ZCzey5aPhd7jYIoHsUfjmQ),0.01284569,user->item
in,138632,user[2133] (Fsl2PiYgazF_9DaBpCrYdg),7401,entity[7401] (ZCzey5aPhd7jYIoHsUfjmQ),0.01236358,user->item
in,180057,user[43558] (3ABugfXekKDaV4F1iBg0TQ),7401,entity[7401] (ZCzey5aPhd7jYIoHsUfjmQ),0.01183063,user->item
in,162226,user[25727] (LpqOueZj2CQjLn5dUDfyWg),7401,entity[7401] (ZCzey5aPhd7jYIoHsUfjmQ),0.01144484,user->item
in,161391,user[24892] (gKX5BAYV81HOtBqBvhuQvg),7401,entity[7401] (ZCzey5aPhd7jYIoHsUfjmQ),0.01132257,user->item
in,180891,user[44392] (ssY5madTrd_ZAiV8av9kug),7401,entity[7401] (ZCzey5aPhd7jYIoHsUfjmQ),0.01085959,user->item
in,178657,user[42158] (keQE5jr6dgAiJGzrpYdnYw),7401,entity[7401] (ZCzey5aPhd7jYIoHsUfjmQ),0.00919595,user->item
in,167882,user[31383] (Ysqfg2Ah_i3mBCxWHCFBhA),7401,entity[7401] (ZCzey5aPhd7jYIoHsUfjmQ),0.00857700,user->item
in,145508,user[9009] (SNQcE_Bc0QAbxFu5F1dTzw),7401,entity[7401] (ZCzey5aPhd7jYIoHsUfjmQ),0.00737669,user->item
in,137452,user[953] (9uE0smG2bwgkI95RPj0lPQ),7401,entity[7401] (ZCzey5aPhd7jYIoHsUfjmQ),0.00719185,user->item
in,137636,user[1137] (r9tjKaqLvLKF7PvDnUsFnA),7401,entity[7401] (ZCzey5aPhd7jYIoHsUfjmQ),0.00684658,user->item
in,145077,user[8578] (1Z8g8lyU6ILsItOKJmJmxQ),7401,entity[7401] (ZCzey5aPhd7jYIoHsUfjmQ),0.00658001,user->item
in,139014,user[2515] (NsegE9Mqm3GCQeSx0v0tYw),7401,entity[7401] (ZCzey5aPhd7jYIoHsUfjmQ),0.00653874,user->item
in,59383,entity[59383] (?),7401,entity[7401] (ZCzey5aPhd7jYIoHsUfjmQ),0.00652806,attributes::Ambience_inv
in,145007,user[8508] (7GVA958q4zs5Z8cdHauU5Q),7401,entity[7401] (ZCzey5aPhd7jYIoHsUfjmQ),0.00647337,user->item
in,140284,user[3785] (WwW0bh9cXtyl4ruIKjlAqg),7401,entity[7401] (ZCzey5aPhd7jYIoHsUfjmQ),0.00637277,user->item
in,138469,user[1970] (gynMtvoyHZrSDsHMecwd8Q),7401,entity[7401] (ZCzey5aPhd7jYIoHsUfjmQ),0.00631006,user->item
in,140283,user[3784] (Eg5niduTCVnaIBzGmoLiVQ),7401,entity[7401] (ZCzey5aPhd7jYIoHsUfjmQ),0.00610722,user->item
in,171307,user[34808] (zJ0WVV_HdEGjBJ_JlXS9Ig),7401,entity[7401] (ZCzey5aPhd7jYIoHsUfjmQ),0.00593479,user->item
in,159663,user[23164] (fCWEsW3lhZk2RQ0zPrqvsw),7401,entity[7401] (ZCzey5aPhd7jYIoHsUfjmQ),0.00551779,user->item
in,139433,user[2934] (cMEtAiW60I5wE_vLfTxoJQ),7401,entity[7401] (ZCzey5aPhd7jYIoHsUfjmQ),0.00551507,user->item
in,136955,user[456] (dIIKEfOgo0KqUfGQvGikPg),7401,entity[7401] (ZCzey5aPhd7jYIoHsUfjmQ),0.00481150,user->item
in,141826,user[5327] (kjeX2RXvW7RhBbD2QLd5jA),7401,entity[7401] (ZCzey5aPhd7jYIoHsUfjmQ),0.00282232,user->item
in,137537,user[1038] (sTcYq6goD1Fa2WS9MSkSvQ),7401,entity[7401] (ZCzey5aPhd7jYIoHsUfjmQ),0.00212067,user->item
in,46168,entity[46168] (categories::Korean),7401,entity[7401] (ZCzey5aPhd7jYIoHsUfjmQ),0.00202262,categories_inv
in,45968,entity[45968] (categories::Thai),7401,entity[7401] (ZCzey5aPhd7jYIoHsUfjmQ),0.00127880,categories_inv
in,162265,user[25766] (IkvaB4ij28xrBgh5Qz4KPw),7401,entity[7401] (ZCzey5aPhd7jYIoHsUfjmQ),0.00091115,user->item
in,50690,entity[50690] (categories::Japanese),7401,entity[7401] (ZCzey5aPhd7jYIoHsUfjmQ),0.00050334,categories_inv
in,45587,entity[45587] (state::AZ),7401,entity[7401] (ZCzey5aPhd7jYIoHsUfjmQ),0.00029952,state_inv
in,48479,entity[48479] (?),7401,entity[7401] (ZCzey5aPhd7jYIoHsUfjmQ),0.00017735,categories_inv
in,45627,entity[45627] (categories::Bars),7401,entity[7401] (ZCzey5aPhd7jYIoHsUfjmQ),0.00014354,categories_inv
in,45762,entity[45762] (categories::Nightlife),7401,entity[7401] (ZCzey5aPhd7jYIoHsUfjmQ),0.00008967,categories_inv
in,45609,entity[45609] (stars::4.5),7401,entity[7401] (ZCzey5aPhd7jYIoHsUfjmQ),0.00007318,stars_inv
in,46503,entity[46503] (categories::Chinese),7401,entity[7401] (ZCzey5aPhd7jYIoHsUfjmQ),0.00006819,categories_inv
in,45567,entity[45567] (categories::Restaurants),7401,entity[7401] (ZCzey5aPhd7jYIoHsUfjmQ),0.00005995,categories_inv
in,45648,entity[45648] (?),7401,entity[7401] (ZCzey5aPhd7jYIoHsUfjmQ),0.00001237,attributes::GoodForMeal_inv
in,45590,entity[45590] (attributes::DogsAllowed::True),7401,entity[7401] (ZCzey5aPhd7jYIoHsUfjmQ),0.00000056,attributes::DogsAllowed_inv
in,45547,entity[45547] (attributes::OutdoorSeating::True),7401,entity[7401] (ZCzey5aPhd7jYIoHsUfjmQ),0.00000033,attributes::OutdoorSeating_inv
in,45613,entity[45613] (attributes::GoodForKids::False),7401,entity[7401] (ZCzey5aPhd7jYIoHsUfjmQ),0.00000000,attributes::GoodForKids_inv
in,45540,entity[45540] (attributes::BikeParking::True),7401,entity[7401] (ZCzey5aPhd7jYIoHsUfjmQ),0.00000000,attributes::BikeParking_inv
in,45694,entity[45694] (attributes::WiFi::no),7401,entity[7401] (ZCzey5aPhd7jYIoHsUfjmQ),0.00000000,attributes::WiFi_inv
in,45561,entity[45561] (attributes::Caters::False),7401,entity[7401] (ZCzey5aPhd7jYIoHsUfjmQ),0.00000000,attributes::Caters_inv
in,45704,entity[45704] (attributes::WheelchairAccessible::True),7401,entity[7401] (ZCzey5aPhd7jYIoHsUfjmQ),0.00000000,attributes::WheelchairAccessible_inv
in,45569,entity[45569] (attributes::NoiseLevel::average),7401,entity[7401] (ZCzey5aPhd7jYIoHsUfjmQ),0.00000000,attributes::NoiseLevel_inv
in,45572,entity[45572] (attributes::RestaurantsDelivery::False),7401,entity[7401] (ZCzey5aPhd7jYIoHsUfjmQ),0.00000000,attributes::RestaurantsDelivery_inv
in,45545,entity[45545] (attributes::BusinessAcceptsCreditCards::True),7401,entity[7401] (ZCzey5aPhd7jYIoHsUfjmQ),0.00000000,attributes::BusinessAcceptsCreditCards_inv
in,45646,entity[45646] (attributes::HasTV::True),7401,entity[7401] (ZCzey5aPhd7jYIoHsUfjmQ),0.00000000,attributes::HasTV_inv
in,45592,entity[45592] (attributes::RestaurantsTakeOut::True),7401,entity[7401] (ZCzey5aPhd7jYIoHsUfjmQ),0.00000000,attributes::RestaurantsTakeOut_inv
in,45560,entity[45560] (attributes::RestaurantsGoodForGroups::True),7401,entity[7401] (ZCzey5aPhd7jYIoHsUfjmQ),0.00000000,attributes::RestaurantsGoodForGroups_inv
in,45702,entity[45702] (attributes::RestaurantsReservations::True),7401,entity[7401] (ZCzey5aPhd7jYIoHsUfjmQ),0.00000000,attributes::RestaurantsReservations_inv
in,45927,entity[45927] (attributes::Alcohol::full_bar),7401,entity[7401] (ZCzey5aPhd7jYIoHsUfjmQ),0.00000000,attributes::Alcohol_inv
in,45618,entity[45618] (attributes::RestaurantsTableService::True),7401,entity[7401] (ZCzey5aPhd7jYIoHsUfjmQ),0.00000000,attributes::RestaurantsTableService_inv
in,45585,entity[45585] (attributes::RestaurantsAttire::casual),7401,entity[7401] (ZCzey5aPhd7jYIoHsUfjmQ),0.00000000,attributes::RestaurantsAttire_inv
